"filename", "language", "Markdown", "JSON", "JavaScript", "MS SQL", "Skill", "PowerShell", "PostCSS", "Python", "pip requirements", "HTML", "JavaScript JSX", "YAML", "XML", "comment", "blank", "total"
"c:\Users\Keagan\.openclaw\workspace\.openclaw\workspace-state.json", "JSON", 0, 5, 0, 0, 0, 0, 0, 0, 0, 0, 0, 0, 0, 0, 1, 6
"c:\Users\Keagan\.openclaw\workspace\.vite\deps\_metadata.json", "JSON", 0, 8, 0, 0, 0, 0, 0, 0, 0, 0, 0, 0, 0, 0, 0, 8
"c:\Users\Keagan\.openclaw\workspace\.vite\deps\package.json", "JSON", 0, 3, 0, 0, 0, 0, 0, 0, 0, 0, 0, 0, 0, 0, 1, 4
"c:\Users\Keagan\.openclaw\workspace\AGENTS.md", "Markdown", 55, 0, 0, 0, 0, 0, 0, 0, 0, 0, 0, 0, 0, 0, 15, 70
"c:\Users\Keagan\.openclaw\workspace\HEARTBEAT.md", "Markdown", 1, 0, 0, 0, 0, 0, 0, 0, 0, 0, 0, 0, 0, 0, 1, 2
"c:\Users\Keagan\.openclaw\workspace\IDENTITY.md", "Markdown", 7, 0, 0, 0, 0, 0, 0, 0, 0, 0, 0, 0, 0, 0, 1, 8
"c:\Users\Keagan\.openclaw\workspace\SOUL.md", "Markdown", 107, 0, 0, 0, 0, 0, 0, 0, 0, 0, 0, 0, 0, 0, 24, 131
"c:\Users\Keagan\.openclaw\workspace\TOOLS.md", "Markdown", 82, 0, 0, 0, 0, 0, 0, 0, 0, 0, 0, 0, 0, 0, 26, 108
"c:\Users\Keagan\.openclaw\workspace\USER.md", "Markdown", 25, 0, 0, 0, 0, 0, 0, 0, 0, 0, 0, 0, 0, 0, 5, 30
"c:\Users\Keagan\.openclaw\workspace\skills\discord\SKILL.md", "Skill", 0, 0, 0, 0, 116, 0, 0, 0, 0, 0, 0, 0, 0, 0, 34, 150
"c:\Users\Keagan\.openclaw\workspace\skills\discord\references\channels.md", "Markdown", 15, 0, 0, 0, 0, 0, 0, 0, 0, 0, 0, 0, 0, 0, 4, 19
"c:\Users\Keagan\.openclaw\workspace\skills\discord\scripts\discord.ps1", "PowerShell", 0, 0, 0, 0, 0, 102, 0, 0, 0, 0, 0, 0, 0, 2, 10, 114
"c:\Users\Keagan\.openclaw\workspace\skills\discord\scripts\temp_briefing.ps1", "PowerShell", 0, 0, 0, 0, 0, 12, 0, 0, 0, 0, 0, 0, 0, 0, 5, 17
"c:\Users\Keagan\.openclaw\workspace\skills\outlook-mail\SKILL.md", "Skill", 0, 0, 0, 0, 162, 0, 0, 0, 0, 0, 0, 0, 0, 0, 59, 221
"c:\Users\Keagan\.openclaw\workspace\skills\outlook-mail\references\microsoft-docs.md", "Markdown", 17, 0, 0, 0, 0, 0, 0, 0, 0, 0, 0, 0, 0, 0, 5, 22
"c:\Users\Keagan\.openclaw\workspace\skills\outlook-mail\scripts\create-outlook-mail-app.ps1", "PowerShell", 0, 0, 0, 0, 0, 95, 0, 0, 0, 0, 0, 0, 0, 0, 26, 121
"c:\Users\Keagan\.openclaw\workspace\skills\supabase-api\SKILL.md", "Skill", 0, 0, 0, 0, 109, 0, 0, 0, 0, 0, 0, 0, 0, 0, 38, 147
"c:\Users\Keagan\.openclaw\workspace\skills\supabase-api\references\schema.md", "Markdown", 89, 0, 0, 0, 0, 0, 0, 0, 0, 0, 0, 0, 0, 0, 11, 100
"c:\Users\Keagan\.openclaw\workspace\skills\supabase-api\scripts\agents.ps1", "PowerShell", 0, 0, 0, 0, 0, 28, 0, 0, 0, 0, 0, 0, 0, 0, 3, 31
"c:\Users\Keagan\.openclaw\workspace\skills\supabase-api\scripts\campaigns.ps1", "PowerShell", 0, 0, 0, 0, 0, 55, 0, 0, 0, 0, 0, 0, 0, 0, 3, 58
"c:\Users\Keagan\.openclaw\workspace\skills\supabase-api\scripts\leads.ps1", "PowerShell", 0, 0, 0, 0, 0, 48, 0, 0, 0, 0, 0, 0, 0, 0, 3, 51
"c:\Users\Keagan\.openclaw\workspace\skills\supabase-api\scripts\reactions.ps1", "PowerShell", 0, 0, 0, 0, 0, 28, 0, 0, 0, 0, 0, 0, 0, 0, 3, 31
"c:\Users\Keagan\.openclaw\workspace\skills\supabase-api\scripts\tasks.ps1", "PowerShell", 0, 0, 0, 0, 0, 47, 0, 0, 0, 0, 0, 0, 0, 0, 3, 50
"c:\Users\Keagan\.openclaw\workspace\wysl\backend\config.py", "Python", 0, 0, 0, 0, 0, 0, 0, 86, 0, 0, 0, 0, 0, 9, 23, 118
"c:\Users\Keagan\.openclaw\workspace\wysl\backend\dependencies.py", "Python", 0, 0, 0, 0, 0, 0, 0, 33, 0, 0, 0, 0, 0, 3, 6, 42
"c:\Users\Keagan\.openclaw\workspace\wysl\backend\env_loader.py", "Python", 0, 0, 0, 0, 0, 0, 0, 8, 0, 0, 0, 0, 0, 1, 5, 14
"c:\Users\Keagan\.openclaw\workspace\wysl\backend\local_scheduler.py", "Python", 0, 0, 0, 0, 0, 0, 0, 51, 0, 0, 0, 0, 0, 11, 11, 73
"c:\Users\Keagan\.openclaw\workspace\wysl\backend\main.py", "Python", 0, 0, 0, 0, 0, 0, 0, 6615, 0, 0, 0, 0, 0, 1687, 852, 9154
"c:\Users\Keagan\.openclaw\workspace\wysl\backend\models.py", "Python", 0, 0, 0, 0, 0, 0, 0, 402, 0, 0, 0, 0, 0, 47, 90, 539
"c:\Users\Keagan\.openclaw\workspace\wysl\backend\requirements.txt", "pip requirements", 0, 0, 0, 0, 0, 0, 0, 0, 11, 0, 0, 0, 0, 0, 1, 12
"c:\Users\Keagan\.openclaw\workspace\wysl\backend\scenario_engine.py", "Python", 0, 0, 0, 0, 0, 0, 0, 2160, 0, 0, 0, 0, 0, 0, 217, 2377
"c:\Users\Keagan\.openclaw\workspace\wysl\backend\stripe_manager.py", "Python", 0, 0, 0, 0, 0, 0, 0, 213, 0, 0, 0, 0, 0, 3, 30, 246
"c:\Users\Keagan\.openclaw\workspace\wysl\backend\test_elevenlabs_number.py", "Python", 0, 0, 0, 0, 0, 0, 0, 227, 0, 0, 0, 0, 0, 2, 42, 271
"c:\Users\Keagan\.openclaw\workspace\wysl\color.js", "JavaScript", 0, 0, 23, 0, 0, 0, 0, 0, 0, 0, 0, 0, 0, 0, 2, 25
"c:\Users\Keagan\.openclaw\workspace\wysl\gemini.md", "Markdown", 4, 0, 0, 0, 0, 0, 0, 0, 0, 0, 0, 0, 0, 0, 0, 4
"c:\Users\Keagan\.openclaw\workspace\wysl\index.html", "HTML", 0, 0, 0, 0, 0, 0, 0, 0, 0, 28, 0, 0, 0, 2, 4, 34
"c:\Users\Keagan\.openclaw\workspace\wysl\package-lock.json", "JSON", 0, 8433, 0, 0, 0, 0, 0, 0, 0, 0, 0, 0, 0, 0, 1, 8434
"c:\Users\Keagan\.openclaw\workspace\wysl\package.json", "JSON", 0, 61, 0, 0, 0, 0, 0, 0, 0, 0, 0, 0, 0, 0, 1, 62
"c:\Users\Keagan\.openclaw\workspace\wysl\postcss.config.js", "JavaScript", 0, 0, 6, 0, 0, 0, 0, 0, 0, 0, 0, 0, 0, 0, 1, 7
"c:\Users\Keagan\.openclaw\workspace\wysl\render.yaml", "YAML", 0, 0, 0, 0, 0, 0, 0, 0, 0, 0, 0, 34, 0, 7, 3, 44
"c:\Users\Keagan\.openclaw\workspace\wysl\requirements.txt", "pip requirements", 0, 0, 0, 0, 0, 0, 0, 0, 20, 0, 0, 0, 0, 0, 1, 21
"c:\Users\Keagan\.openclaw\workspace\wysl\sql\add_account_settings_autonomy_index.sql", "MS SQL", 0, 0, 0, 7, 0, 0, 0, 0, 0, 0, 0, 0, 0, 0, 3, 10
"c:\Users\Keagan\.openclaw\workspace\wysl\sql\add_business_forwarding_config.sql", "MS SQL", 0, 0, 0, 2, 0, 0, 0, 0, 0, 0, 0, 0, 0, 0, 1, 3
"c:\Users\Keagan\.openclaw\workspace\wysl\sql\add_business_number_purchase_fields.sql", "MS SQL", 0, 0, 0, 4, 0, 0, 0, 0, 0, 0, 0, 0, 0, 0, 1, 5
"c:\Users\Keagan\.openclaw\workspace\wysl\sql\add_business_people_field_config.sql", "MS SQL", 0, 0, 0, 2, 0, 0, 0, 0, 0, 0, 0, 0, 0, 0, 1, 3
"c:\Users\Keagan\.openclaw\workspace\wysl\sql\add_elevenlabs_phone_number_id_to_businesses.sql", "MS SQL", 0, 0, 0, 2, 0, 0, 0, 0, 0, 0, 0, 0, 0, 0, 1, 3
"c:\Users\Keagan\.openclaw\workspace\wysl\sql\add_gender_to_hired_receptionists.sql", "MS SQL", 0, 0, 0, 7, 0, 0, 0, 0, 0, 0, 0, 0, 0, 0, 2, 9
"c:\Users\Keagan\.openclaw\workspace\wysl\sql\add_people_custom_fields.sql", "MS SQL", 0, 0, 0, 23, 0, 0, 0, 0, 0, 0, 0, 0, 0, 3, 5, 31
"c:\Users\Keagan\.openclaw\workspace\wysl\sql\add_receptionist_call_metrics.sql", "MS SQL", 0, 0, 0, 67, 0, 0, 0, 0, 0, 0, 0, 0, 0, 0, 2, 69
"c:\Users\Keagan\.openclaw\workspace\wysl\sql\add_stripe_integration_provider.sql", "MS SQL", 0, 0, 0, 5, 0, 0, 0, 0, 0, 0, 0, 0, 0, 0, 2, 7
"c:\Users\Keagan\.openclaw\workspace\wysl\sql\allow_appointment_missed_status.sql", "MS SQL", 0, 0, 0, 15, 0, 0, 0, 0, 0, 0, 0, 0, 0, 2, 3, 20
"c:\Users\Keagan\.openclaw\workspace\wysl\sql\allow_select_people_schema_field_types.sql", "MS SQL", 0, 0, 0, 5, 0, 0, 0, 0, 0, 0, 0, 0, 0, 0, 2, 7
"c:\Users\Keagan\.openclaw\workspace\wysl\sql\create_call_logs.sql", "MS SQL", 0, 0, 0, 96, 0, 0, 0, 0, 0, 0, 0, 0, 0, 0, 11, 107
"c:\Users\Keagan\.openclaw\workspace\wysl\sql\create_integrations.sql", "MS SQL", 0, 0, 0, 91, 0, 0, 0, 0, 0, 0, 0, 0, 0, 0, 16, 107
"c:\Users\Keagan\.openclaw\workspace\wysl\sql\create_jobs.sql", "MS SQL", 0, 0, 0, 65, 0, 0, 0, 0, 0, 0, 0, 0, 0, 0, 6, 71
"c:\Users\Keagan\.openclaw\workspace\wysl\sql\create_scenario_events.sql", "MS SQL", 0, 0, 0, 14, 0, 0, 0, 0, 0, 0, 0, 0, 0, 0, 4, 18
"c:\Users\Keagan\.openclaw\workspace\wysl\sql\emit_appointment_missed_trigger.sql", "MS SQL", 0, 0, 0, 32, 0, 0, 0, 0, 0, 0, 0, 0, 0, 2, 5, 39
"c:\Users\Keagan\.openclaw\workspace\wysl\sql\fix_account_settings_multi_tenant.sql", "MS SQL", 0, 0, 0, 107, 0, 0, 0, 0, 0, 0, 0, 0, 0, 0, 18, 125
"c:\Users\Keagan\.openclaw\workspace\wysl\sql\live_monitoring_realtime.sql", "MS SQL", 0, 0, 0, 30, 0, 0, 0, 0, 0, 0, 0, 0, 0, 3, 7, 40
"c:\Users\Keagan\.openclaw\workspace\wysl\sql\make_people_booleans_nullable_default.sql", "MS SQL", 0, 0, 0, 7, 0, 0, 0, 0, 0, 0, 0, 0, 0, 0, 1, 8
"c:\Users\Keagan\.openclaw\workspace\wysl\sql\people_schema_rls.sql", "MS SQL", 0, 0, 0, 57, 0, 0, 0, 0, 0, 0, 0, 0, 0, 0, 5, 62
"c:\Users\Keagan\.openclaw\workspace\wysl\sql\supabase_user_profile_trigger.sql", "MS SQL", 0, 0, 0, 146, 0, 0, 0, 0, 0, 0, 0, 0, 0, 0, 3, 149
"c:\Users\Keagan\.openclaw\workspace\wysl\src\App.jsx", "JavaScript JSX", 0, 0, 0, 0, 0, 0, 0, 0, 0, 0, 80, 0, 0, 5, 21, 106
"c:\Users\Keagan\.openclaw\workspace\wysl\src\assets\stripe.svg", "XML", 0, 0, 0, 0, 0, 0, 0, 0, 0, 0, 0, 0, 5, 0, 1, 6
"c:\Users\Keagan\.openclaw\workspace\wysl\src\components\AES256Stats.jsx", "JavaScript JSX", 0, 0, 0, 0, 0, 0, 0, 0, 0, 0, 93, 0, 0, 19, 19, 131
"c:\Users\Keagan\.openclaw\workspace\wysl\src\components\AnimationEngine.jsx", "JavaScript JSX", 0, 0, 0, 0, 0, 0, 0, 0, 0, 0, 70, 0, 0, 4, 10, 84
"c:\Users\Keagan\.openclaw\workspace\wysl\src\components\AnimationProvider.jsx", "JavaScript JSX", 0, 0, 0, 0, 0, 0, 0, 0, 0, 0, 291, 0, 0, 4, 31, 326
"c:\Users\Keagan\.openclaw\workspace\wysl\src\components\Breakroom.jsx", "JavaScript JSX", 0, 0, 0, 0, 0, 0, 0, 0, 0, 0, 180, 0, 0, 4, 20, 204
"c:\Users\Keagan\.openclaw\workspace\wysl\src\components\CalendarShowcase.jsx", "JavaScript JSX", 0, 0, 0, 0, 0, 0, 0, 0, 0, 0, 224, 0, 0, 8, 13, 245
"c:\Users\Keagan\.openclaw\workspace\wysl\src\components\CampaignBuilder\AgentSelectorModal.jsx", "JavaScript JSX", 0, 0, 0, 0, 0, 0, 0, 0, 0, 0, 151, 0, 0, 5, 13, 169
"c:\Users\Keagan\.openclaw\workspace\wysl\src\components\CampaignBuilder\CampaignBuilderPage.jsx", "JavaScript JSX", 0, 0, 0, 0, 0, 0, 0, 0, 0, 0, 51, 0, 0, 3, 10, 64
"c:\Users\Keagan\.openclaw\workspace\wysl\src\components\CampaignBuilder\CampaignConfigPanel.jsx", "JavaScript JSX", 0, 0, 0, 0, 0, 0, 0, 0, 0, 0, 85, 0, 0, 2, 10, 97
"c:\Users\Keagan\.openclaw\workspace\wysl\src\components\CampaignBuilder\ConditionalSchedulerModule.jsx", "JavaScript JSX", 0, 0, 0, 0, 0, 0, 0, 0, 0, 0, 193, 0, 0, 9, 21, 223
"c:\Users\Keagan\.openclaw\workspace\wysl\src\components\CampaignBuilder\FilterBuilder.jsx", "JavaScript JSX", 0, 0, 0, 0, 0, 0, 0, 0, 0, 0, 287, 0, 0, 2, 17, 306
"c:\Users\Keagan\.openclaw\workspace\wysl\src\components\CampaignBuilder\LowerToolbar.jsx", "JavaScript JSX", 0, 0, 0, 0, 0, 0, 0, 0, 0, 0, 180, 0, 0, 4, 17, 201
"c:\Users\Keagan\.openclaw\workspace\wysl\src\components\CampaignBuilder\MainAudienceFilterModule.jsx", "JavaScript JSX", 0, 0, 0, 0, 0, 0, 0, 0, 0, 0, 92, 0, 0, 0, 11, 103
"c:\Users\Keagan\.openclaw\workspace\wysl\src\components\CampaignBuilder\PriorityModule.jsx", "JavaScript JSX", 0, 0, 0, 0, 0, 0, 0, 0, 0, 0, 106, 0, 0, 8, 16, 130
"c:\Users\Keagan\.openclaw\workspace\wysl\src\components\CampaignBuilder\RuleBlock.jsx", "JavaScript JSX", 0, 0, 0, 0, 0, 0, 0, 0, 0, 0, 60, 0, 0, 1, 8, 69
"c:\Users\Keagan\.openclaw\workspace\wysl\src\components\CampaignBuilder\RuleBlockStack.jsx", "JavaScript JSX", 0, 0, 0, 0, 0, 0, 0, 0, 0, 0, 38, 0, 0, 1, 8, 47
"c:\Users\Keagan\.openclaw\workspace\wysl\src\components\CampaignBuilder\RuleSummary.jsx", "JavaScript JSX", 0, 0, 0, 0, 0, 0, 0, 0, 0, 0, 22, 0, 0, 1, 8, 31
"c:\Users\Keagan\.openclaw\workspace\wysl\src\components\CampaignBuilder\SchedulerModule.jsx", "JavaScript JSX", 0, 0, 0, 0, 0, 0, 0, 0, 0, 0, 26, 0, 0, 1, 7, 34
"c:\Users\Keagan\.openclaw\workspace\wysl\src\components\DashboardLoadingScreen.css", "PostCSS", 0, 0, 0, 0, 0, 0, 107, 0, 0, 0, 0, 0, 0, 11, 17, 135
"c:\Users\Keagan\.openclaw\workspace\wysl\src\components\DashboardLoadingScreen.jsx", "JavaScript JSX", 0, 0, 0, 0, 0, 0, 0, 0, 0, 0, 57, 0, 0, 1, 8, 66
"c:\Users\Keagan\.openclaw\workspace\wysl\src\components\FullscreenLayout.jsx", "JavaScript JSX", 0, 0, 0, 0, 0, 0, 0, 0, 0, 0, 6, 0, 0, 1, 3, 10
"c:\Users\Keagan\.openclaw\workspace\wysl\src\components\HeroConcept.jsx", "JavaScript JSX", 0, 0, 0, 0, 0, 0, 0, 0, 0, 0, 264, 0, 0, 14, 27, 305
"c:\Users\Keagan\.openclaw\workspace\wysl\src\components\IntroOverlay.jsx", "JavaScript JSX", 0, 0, 0, 0, 0, 0, 0, 0, 0, 0, 40, 0, 0, 8, 9, 57
"c:\Users\Keagan\.openclaw\workspace\wysl\src\components\MasterNav.jsx", "JavaScript JSX", 0, 0, 0, 0, 0, 0, 0, 0, 0, 0, 116, 0, 0, 1, 12, 129
"c:\Users\Keagan\.openclaw\workspace\wysl\src\components\MoneyTable.jsx", "JavaScript JSX", 0, 0, 0, 0, 0, 0, 0, 0, 0, 0, 558, 0, 0, 40, 102, 700
"c:\Users\Keagan\.openclaw\workspace\wysl\src\components\NavPanel.jsx", "JavaScript JSX", 0, 0, 0, 0, 0, 0, 0, 0, 0, 0, 48, 0, 0, 2, 7, 57
"c:\Users\Keagan\.openclaw\workspace\wysl\src\components\ProtectedLayout.jsx", "JavaScript JSX", 0, 0, 0, 0, 0, 0, 0, 0, 0, 0, 14, 0, 0, 1, 7, 22
"c:\Users\Keagan\.openclaw\workspace\wysl\src\components\ReferralHandler.jsx", "JavaScript JSX", 0, 0, 0, 0, 0, 0, 0, 0, 0, 0, 13, 0, 0, 3, 5, 21
"c:\Users\Keagan\.openclaw\workspace\wysl\src\components\SplashScreen.jsx", "JavaScript JSX", 0, 0, 0, 0, 0, 0, 0, 0, 0, 0, 46, 0, 0, 6, 10, 62
"c:\Users\Keagan\.openclaw\workspace\wysl\src\components\TypingAnimation.jsx", "JavaScript JSX", 0, 0, 0, 0, 0, 0, 0, 0, 0, 0, 58, 0, 0, 26, 17, 101
"c:\Users\Keagan\.openclaw\workspace\wysl\src\components\TypingIndicator.jsx", "JavaScript JSX", 0, 0, 0, 0, 0, 0, 0, 0, 0, 0, 12, 0, 0, 1, 3, 16
"c:\Users\Keagan\.openclaw\workspace\wysl\src\components\dashboard\AccountSettings.jsx", "JavaScript JSX", 0, 0, 0, 0, 0, 0, 0, 0, 0, 0, 238, 0, 0, 8, 40, 286
"c:\Users\Keagan\.openclaw\workspace\wysl\src\components\dashboard\AirtableGrid.jsx", "JavaScript JSX", 0, 0, 0, 0, 0, 0, 0, 0, 0, 0, 168, 0, 0, 6, 11, 185
"c:\Users\Keagan\.openclaw\workspace\wysl\src\components\dashboard\ConfigPanel.jsx", "JavaScript JSX", 0, 0, 0, 0, 0, 0, 0, 0, 0, 0, 66, 0, 0, 2, 8, 76
"c:\Users\Keagan\.openclaw\workspace\wysl\src\components\dashboard\DraggableHeader.jsx", "JavaScript JSX", 0, 0, 0, 0, 0, 0, 0, 0, 0, 0, 40, 0, 0, 3, 5, 48
"c:\Users\Keagan\.openclaw\workspace\wysl\src\components\dashboard\FilterPanel.jsx", "JavaScript JSX", 0, 0, 0, 0, 0, 0, 0, 0, 0, 0, 69, 0, 0, 2, 9, 80
"c:\Users\Keagan\.openclaw\workspace\wysl\src\components\dashboard\GridCells.jsx", "JavaScript JSX", 0, 0, 0, 0, 0, 0, 0, 0, 0, 0, 226, 0, 0, 1, 22, 249
"c:\Users\Keagan\.openclaw\workspace\wysl\src\components\dashboard\MainPanel.jsx", "JavaScript JSX", 0, 0, 0, 0, 0, 0, 0, 0, 0, 0, 18, 0, 0, 1, 3, 22
"c:\Users\Keagan\.openclaw\workspace\wysl\src\components\dashboard\NavPanel.jsx", "JavaScript JSX", 0, 0, 0, 0, 0, 0, 0, 0, 0, 0, 86, 0, 0, 1, 7, 94
"c:\Users\Keagan\.openclaw\workspace\wysl\src\components\dashboard\QueueItem.jsx", "JavaScript JSX", 0, 0, 0, 0, 0, 0, 0, 0, 0, 0, 97, 0, 0, 3, 12, 112
"c:\Users\Keagan\.openclaw\workspace\wysl\src\components\dashboard\QueueRoom.jsx", "JavaScript JSX", 0, 0, 0, 0, 0, 0, 0, 0, 0, 0, 70, 0, 0, 2, 10, 82
"c:\Users\Keagan\.openclaw\workspace\wysl\src\components\dashboard\ViewBar.jsx", "JavaScript JSX", 0, 0, 0, 0, 0, 0, 0, 0, 0, 0, 25, 0, 0, 1, 5, 31
"c:\Users\Keagan\.openclaw\workspace\wysl\src\components\dashboard\ViewToggle.jsx", "JavaScript JSX", 0, 0, 0, 0, 0, 0, 0, 0, 0, 0, 27, 0, 0, 0, 3, 30
"c:\Users\Keagan\.openclaw\workspace\wysl\src\components\modals\BreakroomLoginModal.jsx", "JavaScript JSX", 0, 0, 0, 0, 0, 0, 0, 0, 0, 0, 88, 0, 0, 11, 14, 113
"c:\Users\Keagan\.openclaw\workspace\wysl\src\components\modals\BreezyIntroModal.css", "PostCSS", 0, 0, 0, 0, 0, 0, 105, 0, 0, 0, 0, 0, 0, 2, 17, 124
"c:\Users\Keagan\.openclaw\workspace\wysl\src\components\modals\BreezyIntroModal.jsx", "JavaScript JSX", 0, 0, 0, 0, 0, 0, 0, 0, 0, 0, 56, 0, 0, 1, 4, 61
"c:\Users\Keagan\.openclaw\workspace\wysl\src\components\modals\ChangeMasterPinModal.jsx", "JavaScript JSX", 0, 0, 0, 0, 0, 0, 0, 0, 0, 0, 255, 0, 0, 0, 26, 281
"c:\Users\Keagan\.openclaw\workspace\wysl\src\components\modals\ChangeNameModal.jsx", "JavaScript JSX", 0, 0, 0, 0, 0, 0, 0, 0, 0, 0, 52, 0, 0, 1, 6, 59
"c:\Users\Keagan\.openclaw\workspace\wysl\src\components\modals\CommissionLogicModal.jsx", "JavaScript JSX", 0, 0, 0, 0, 0, 0, 0, 0, 0, 0, 79, 0, 0, 0, 6, 85
"c:\Users\Keagan\.openclaw\workspace\wysl\src\components\modals\ConfirmationModal.jsx", "JavaScript JSX", 0, 0, 0, 0, 0, 0, 0, 0, 0, 0, 19, 0, 0, 0, 2, 21
"c:\Users\Keagan\.openclaw\workspace\wysl\src\components\modals\ContactUsModal.jsx", "JavaScript JSX", 0, 0, 0, 0, 0, 0, 0, 0, 0, 0, 123, 0, 0, 2, 10, 135
"c:\Users\Keagan\.openclaw\workspace\wysl\src\components\modals\CreatePasswordModal.jsx", "JavaScript JSX", 0, 0, 0, 0, 0, 0, 0, 0, 0, 0, 982, 0, 0, 25, 130, 1137
"c:\Users\Keagan\.openclaw\workspace\wysl\src\components\modals\DeleteAccountModal.jsx", "JavaScript JSX", 0, 0, 0, 0, 0, 0, 0, 0, 0, 0, 69, 0, 0, 0, 3, 72
"c:\Users\Keagan\.openclaw\workspace\wysl\src\components\modals\DeviceInfoModal.css", "PostCSS", 0, 0, 0, 0, 0, 0, 125, 0, 0, 0, 0, 0, 0, 1, 20, 146
"c:\Users\Keagan\.openclaw\workspace\wysl\src\components\modals\DeviceInfoModal.jsx", "JavaScript JSX", 0, 0, 0, 0, 0, 0, 0, 0, 0, 0, 113, 0, 0, 1, 15, 129
"c:\Users\Keagan\.openclaw\workspace\wysl\src\components\modals\FAQModal.jsx", "JavaScript JSX", 0, 0, 0, 0, 0, 0, 0, 0, 0, 0, 67, 0, 0, 0, 4, 71
"c:\Users\Keagan\.openclaw\workspace\wysl\src\components\modals\InitialMasterPasswordSetupModal.jsx", "JavaScript JSX", 0, 0, 0, 0, 0, 0, 0, 0, 0, 0, 202, 0, 0, 2, 22, 226
"c:\Users\Keagan\.openclaw\workspace\wysl\src\components\modals\LimitReachedModal.css", "PostCSS", 0, 0, 0, 0, 0, 0, 79, 0, 0, 0, 0, 0, 0, 2, 12, 93
"c:\Users\Keagan\.openclaw\workspace\wysl\src\components\modals\LimitReachedModal.jsx", "JavaScript JSX", 0, 0, 0, 0, 0, 0, 0, 0, 0, 0, 40, 0, 0, 1, 3, 44
"c:\Users\Keagan\.openclaw\workspace\wysl\src\components\modals\ManageSubscriptionModal.jsx", "JavaScript JSX", 0, 0, 0, 0, 0, 0, 0, 0, 0, 0, 90, 0, 0, 1, 11, 102
"c:\Users\Keagan\.openclaw\workspace\wysl\src\components\modals\MasterPasswordModal.jsx", "JavaScript JSX", 0, 0, 0, 0, 0, 0, 0, 0, 0, 0, 152, 0, 0, 2, 17, 171
"c:\Users\Keagan\.openclaw\workspace\wysl\src\components\modals\OAuthAccountModal.jsx", "JavaScript JSX", 0, 0, 0, 0, 0, 0, 0, 0, 0, 0, 258, 0, 0, 9, 22, 289
"c:\Users\Keagan\.openclaw\workspace\wysl\src\components\modals\OAuthAccountSelectionModal.jsx", "JavaScript JSX", 0, 0, 0, 0, 0, 0, 0, 0, 0, 0, 61, 0, 0, 0, 7, 68
"c:\Users\Keagan\.openclaw\workspace\wysl\src\components\modals\OAuthSelectionModal.jsx", "JavaScript JSX", 0, 0, 0, 0, 0, 0, 0, 0, 0, 0, 68, 0, 0, 1, 6, 75
"c:\Users\Keagan\.openclaw\workspace\wysl\src\components\modals\PlanChangePopupModal.css", "PostCSS", 0, 0, 0, 0, 0, 0, 89, 0, 0, 0, 0, 0, 0, 2, 15, 106
"c:\Users\Keagan\.openclaw\workspace\wysl\src\components\modals\PlanChangePopupModal.jsx", "JavaScript JSX", 0, 0, 0, 0, 0, 0, 0, 0, 0, 0, 80, 0, 0, 1, 5, 86
"c:\Users\Keagan\.openclaw\workspace\wysl\src\components\modals\SavedAccountsModal.jsx", "JavaScript JSX", 0, 0, 0, 0, 0, 0, 0, 0, 0, 0, 45, 0, 0, 0, 4, 49
"c:\Users\Keagan\.openclaw\workspace\wysl\src\components\modals\SwiperIntroModal.css", "PostCSS", 0, 0, 0, 0, 0, 0, 155, 0, 0, 0, 0, 0, 0, 2, 20, 177
"c:\Users\Keagan\.openclaw\workspace\wysl\src\components\modals\SwiperIntroModal.jsx", "JavaScript JSX", 0, 0, 0, 0, 0, 0, 0, 0, 0, 0, 82, 0, 0, 1, 8, 91
"c:\Users\Keagan\.openclaw\workspace\wysl\src\components\modals\TutorialModal.css", "PostCSS", 0, 0, 0, 0, 0, 0, 138, 0, 0, 0, 0, 0, 0, 2, 17, 157
"c:\Users\Keagan\.openclaw\workspace\wysl\src\components\modals\TutorialModal.jsx", "JavaScript JSX", 0, 0, 0, 0, 0, 0, 0, 0, 0, 0, 73, 0, 0, 1, 6, 80
"c:\Users\Keagan\.openclaw\workspace\wysl\src\components\modals\UpdateBillingInfoModal.jsx", "JavaScript JSX", 0, 0, 0, 0, 0, 0, 0, 0, 0, 0, 30, 0, 0, 1, 6, 37
"c:\Users\Keagan\.openclaw\workspace\wysl\src\components\onboarding\IdentityQuestionsSlide.jsx", "JavaScript JSX", 0, 0, 0, 0, 0, 0, 0, 0, 0, 0, 91, 0, 0, 2, 8, 101
"c:\Users\Keagan\.openclaw\workspace\wysl\src\contexts\AuthContext.jsx", "JavaScript JSX", 0, 0, 0, 0, 0, 0, 0, 0, 0, 0, 131, 0, 0, 1, 27, 159
"c:\Users\Keagan\.openclaw\workspace\wysl\src\contexts\ModalContext.jsx", "JavaScript JSX", 0, 0, 0, 0, 0, 0, 0, 0, 0, 0, 18, 0, 0, 1, 7, 26
"c:\Users\Keagan\.openclaw\workspace\wysl\src\dashboard-v2\components\Canvas.jsx", "JavaScript JSX", 0, 0, 0, 0, 0, 0, 0, 0, 0, 0, 13, 0, 0, 0, 3, 16
"c:\Users\Keagan\.openclaw\workspace\wysl\src\dashboard-v2\components\Canvas\Canvas.jsx", "JavaScript JSX", 0, 0, 0, 0, 0, 0, 0, 0, 0, 0, 54, 0, 0, 0, 3, 57
"c:\Users\Keagan\.openclaw\workspace\wysl\src\dashboard-v2\components\Menu.css", "PostCSS", 0, 0, 0, 0, 0, 0, 52, 0, 0, 0, 0, 0, 0, 0, 8, 60
"c:\Users\Keagan\.openclaw\workspace\wysl\src\dashboard-v2\components\Menu.jsx", "JavaScript JSX", 0, 0, 0, 0, 0, 0, 0, 0, 0, 0, 1, 0, 0, 0, 1, 2
"c:\Users\Keagan\.openclaw\workspace\wysl\src\dashboard-v2\components\Menu\Menu.jsx", "JavaScript JSX", 0, 0, 0, 0, 0, 0, 0, 0, 0, 0, 25, 0, 0, 0, 3, 28
"c:\Users\Keagan\.openclaw\workspace\wysl\src\dashboard-v2\components\ProfileMenu.css", "PostCSS", 0, 0, 0, 0, 0, 0, 44, 0, 0, 0, 0, 0, 0, 0, 7, 51
"c:\Users\Keagan\.openclaw\workspace\wysl\src\dashboard-v2\components\ProfileMenu.jsx", "JavaScript JSX", 0, 0, 0, 0, 0, 0, 0, 0, 0, 0, 33, 0, 0, 0, 5, 38
"c:\Users\Keagan\.openclaw\workspace\wysl\src\dashboard-v2\components\ProfileMenu\ProfileMenu.jsx", "JavaScript JSX", 0, 0, 0, 0, 0, 0, 0, 0, 0, 0, 12, 0, 0, 0, 2, 14
"c:\Users\Keagan\.openclaw\workspace\wysl\src\dashboard-v2\components\StatusBar.css", "PostCSS", 0, 0, 0, 0, 0, 0, 12, 0, 0, 0, 0, 0, 0, 0, 3, 15
"c:\Users\Keagan\.openclaw\workspace\wysl\src\dashboard-v2\components\StatusBar.jsx", "JavaScript JSX", 0, 0, 0, 0, 0, 0, 0, 0, 0, 0, 17, 0, 0, 0, 3, 20
"c:\Users\Keagan\.openclaw\workspace\wysl\src\dashboard-v2\components\StatusBar\StatusBar.jsx", "JavaScript JSX", 0, 0, 0, 0, 0, 0, 0, 0, 0, 0, 4, 0, 0, 0, 2, 6
"c:\Users\Keagan\.openclaw\workspace\wysl\src\dashboard-v2\components\SubMenu.css", "PostCSS", 0, 0, 0, 0, 0, 0, 32, 0, 0, 0, 0, 0, 0, 0, 6, 38
"c:\Users\Keagan\.openclaw\workspace\wysl\src\dashboard-v2\components\SubMenu.jsx", "JavaScript JSX", 0, 0, 0, 0, 0, 0, 0, 0, 0, 0, 21, 0, 0, 0, 4, 25
"c:\Users\Keagan\.openclaw\workspace\wysl\src\dashboard-v2\components\SubMenu\SubMenu.jsx", "JavaScript JSX", 0, 0, 0, 0, 0, 0, 0, 0, 0, 0, 18, 0, 0, 0, 3, 21
"c:\Users\Keagan\.openclaw\workspace\wysl\src\dashboard-v2\dashboard.css", "PostCSS", 0, 0, 0, 0, 0, 0, 13, 0, 0, 0, 0, 0, 0, 1, 3, 17
"c:\Users\Keagan\.openclaw\workspace\wysl\src\dashboard-v2\layout\DashboardLayout.jsx", "JavaScript JSX", 0, 0, 0, 0, 0, 0, 0, 0, 0, 0, 130, 0, 0, 0, 8, 138
"c:\Users\Keagan\.openclaw\workspace\wysl\src\dashboard-v2\pages\CRM.jsx", "JavaScript JSX", 0, 0, 0, 0, 0, 0, 0, 0, 0, 0, 5, 0, 0, 0, 3, 8
"c:\Users\Keagan\.openclaw\workspace\wysl\src\dashboard-v2\pages\CRM\CRM.jsx", "JavaScript JSX", 0, 0, 0, 0, 0, 0, 0, 0, 0, 0, 22, 0, 0, 0, 2, 24
"c:\Users\Keagan\.openclaw\workspace\wysl\src\dashboard-v2\pages\Nest.jsx", "JavaScript JSX", 0, 0, 0, 0, 0, 0, 0, 0, 0, 0, 5, 0, 0, 0, 3, 8
"c:\Users\Keagan\.openclaw\workspace\wysl\src\dashboard-v2\pages\Nest\Nest.jsx", "JavaScript JSX", 0, 0, 0, 0, 0, 0, 0, 0, 0, 0, 22, 0, 0, 0, 2, 24
"c:\Users\Keagan\.openclaw\workspace\wysl\src\dashboard-v2\pages\ScenarioBuilder.jsx", "JavaScript JSX", 0, 0, 0, 0, 0, 0, 0, 0, 0, 0, 5, 0, 0, 0, 3, 8
"c:\Users\Keagan\.openclaw\workspace\wysl\src\dashboard-v2\pages\ScenarioBuilder\AetherEdgeLogic.jsx", "JavaScript JSX", 0, 0, 0, 0, 0, 0, 0, 0, 0, 0, 78, 0, 0, 0, 7, 85
"c:\Users\Keagan\.openclaw\workspace\wysl\src\dashboard-v2\pages\ScenarioBuilder\ScenarioBuilder.css", "PostCSS", 0, 0, 0, 0, 0, 0, 621, 0, 0, 0, 0, 0, 0, 6, 95, 722
"c:\Users\Keagan\.openclaw\workspace\wysl\src\dashboard-v2\pages\ScenarioBuilder\ScenarioBuilder.jsx", "JavaScript JSX", 0, 0, 0, 0, 0, 0, 0, 0, 0, 0, 832, 0, 0, 1, 49, 882
"c:\Users\Keagan\.openclaw\workspace\wysl\src\dashboard-v2\pages\Scenarios.jsx", "JavaScript JSX", 0, 0, 0, 0, 0, 0, 0, 0, 0, 0, 5, 0, 0, 0, 3, 8
"c:\Users\Keagan\.openclaw\workspace\wysl\src\dashboard-v2\pages\Scenarios\Scenarios.jsx", "JavaScript JSX", 0, 0, 0, 0, 0, 0, 0, 0, 0, 0, 22, 0, 0, 0, 2, 24
"c:\Users\Keagan\.openclaw\workspace\wysl\src\dashboard-v2\styles\dashboard-v2.css", "PostCSS", 0, 0, 0, 0, 0, 0, 361, 0, 0, 0, 0, 0, 0, 0, 46, 407
"c:\Users\Keagan\.openclaw\workspace\wysl\src\data\mockSupabaseSchema.js", "JavaScript", 0, 0, 41, 0, 0, 0, 0, 0, 0, 0, 0, 0, 0, 1, 3, 45
"c:\Users\Keagan\.openclaw\workspace\wysl\src\data\tempData.js", "JavaScript", 0, 0, 26, 0, 0, 0, 0, 0, 0, 0, 0, 0, 0, 1, 1, 28
"c:\Users\Keagan\.openclaw\workspace\wysl\src\hooks\useLegacyAnimation.js", "JavaScript", 0, 0, 135, 0, 0, 0, 0, 0, 0, 0, 0, 0, 0, 5, 10, 150
"c:\Users\Keagan\.openclaw\workspace\wysl\src\index.css", "PostCSS", 0, 0, 0, 0, 0, 0, 576, 0, 0, 0, 0, 0, 0, 26, 69, 671
"c:\Users\Keagan\.openclaw\workspace\wysl\src\main.jsx", "JavaScript JSX", 0, 0, 0, 0, 0, 0, 0, 0, 0, 0, 26, 0, 0, 3, 4, 33
"c:\Users\Keagan\.openclaw\workspace\wysl\src\pages\AuthPage.jsx", "JavaScript JSX", 0, 0, 0, 0, 0, 0, 0, 0, 0, 0, 242, 0, 0, 4, 27, 273
"c:\Users\Keagan\.openclaw\workspace\wysl\src\pages\BreakroomPage.jsx", "JavaScript JSX", 0, 0, 0, 0, 0, 0, 0, 0, 0, 0, 18, 0, 0, 0, 2, 20
"c:\Users\Keagan\.openclaw\workspace\wysl\src\pages\CalendarPage.jsx", "JavaScript JSX", 0, 0, 0, 0, 0, 0, 0, 0, 0, 0, 207, 0, 0, 3, 23, 233
"c:\Users\Keagan\.openclaw\workspace\wysl\src\pages\DashboardPage.jsx", "JavaScript JSX", 0, 0, 0, 0, 0, 0, 0, 0, 0, 0, 206, 0, 0, 6, 34, 246
"c:\Users\Keagan\.openclaw\workspace\wysl\src\pages\EmporiumPage.jsx", "JavaScript JSX", 0, 0, 0, 0, 0, 0, 0, 0, 0, 0, 306, 0, 0, 7, 37, 350
"c:\Users\Keagan\.openclaw\workspace\wysl\src\pages\HomePage.jsx", "JavaScript JSX", 0, 0, 0, 0, 0, 0, 0, 0, 0, 0, 479, 0, 0, 5, 52, 536
"c:\Users\Keagan\.openclaw\workspace\wysl\src\pages\MarketplacePage.jsx", "JavaScript JSX", 0, 0, 0, 0, 0, 0, 0, 0, 0, 0, 241, 0, 0, 10, 30, 281
"c:\Users\Keagan\.openclaw\workspace\wysl\src\pages\Onboarding2Page.jsx", "JavaScript JSX", 0, 0, 0, 0, 0, 0, 0, 0, 0, 0, 499, 0, 0, 0, 42, 541
"c:\Users\Keagan\.openclaw\workspace\wysl\src\pages\OnboardingPage.jsx", "JavaScript JSX", 0, 0, 0, 0, 0, 0, 0, 0, 0, 0, 730, 0, 0, 0, 87, 817
"c:\Users\Keagan\.openclaw\workspace\wysl\src\pages\PasswordsPage.jsx", "JavaScript JSX", 0, 0, 0, 0, 0, 0, 0, 0, 0, 0, 1324, 0, 0, 79, 152, 1555
"c:\Users\Keagan\.openclaw\workspace\wysl\src\pages\PhoneHelperPage.jsx", "JavaScript JSX", 0, 0, 0, 0, 0, 0, 0, 0, 0, 0, 299, 0, 0, 6, 34, 339
"c:\Users\Keagan\.openclaw\workspace\wysl\src\pages\PricingPage.jsx", "JavaScript JSX", 0, 0, 0, 0, 0, 0, 0, 0, 0, 0, 398, 0, 0, 4, 37, 439
"c:\Users\Keagan\.openclaw\workspace\wysl\src\pages\PrivacyPolicyPage.jsx", "JavaScript JSX", 0, 0, 0, 0, 0, 0, 0, 0, 0, 0, 51, 0, 0, 2, 8, 61
"c:\Users\Keagan\.openclaw\workspace\wysl\src\pages\ResetPasswordPage.jsx", "JavaScript JSX", 0, 0, 0, 0, 0, 0, 0, 0, 0, 0, 121, 0, 0, 3, 17, 141
"c:\Users\Keagan\.openclaw\workspace\wysl\src\pages\SettingsPage.jsx", "JavaScript JSX", 0, 0, 0, 0, 0, 0, 0, 0, 0, 0, 9, 0, 0, 0, 5, 14
"c:\Users\Keagan\.openclaw\workspace\wysl\src\pages\marketplace.jsx", "JavaScript JSX", 0, 0, 0, 0, 0, 0, 0, 0, 0, 0, 130, 0, 0, 5, 14, 149
"c:\Users\Keagan\.openclaw\workspace\wysl\src\services\apiService.js", "JavaScript", 0, 0, 11, 0, 0, 0, 0, 0, 0, 0, 0, 0, 0, 4, 4, 19
"c:\Users\Keagan\.openclaw\workspace\wysl\src\sonar\SonarDashboard.jsx", "JavaScript JSX", 0, 0, 0, 0, 0, 0, 0, 0, 0, 0, 2035, 0, 0, 14, 167, 2216
"c:\Users\Keagan\.openclaw\workspace\wysl\src\sonar\contexts\AudioPlayerContext.jsx", "JavaScript JSX", 0, 0, 0, 0, 0, 0, 0, 0, 0, 0, 150, 0, 0, 0, 16, 166
"c:\Users\Keagan\.openclaw\workspace\wysl\src\sonar\contexts\CallLogsContext.jsx", "JavaScript JSX", 0, 0, 0, 0, 0, 0, 0, 0, 0, 0, 107, 0, 0, 0, 13, 120
"c:\Users\Keagan\.openclaw\workspace\wysl\src\sonar\hooks\useCampaigns.js", "JavaScript", 0, 0, 66, 0, 0, 0, 0, 0, 0, 0, 0, 0, 0, 0, 8, 74
"c:\Users\Keagan\.openclaw\workspace\wysl\src\sonar\hooks\useLeads.js", "JavaScript", 0, 0, 293, 0, 0, 0, 0, 0, 0, 0, 0, 0, 0, 0, 34, 327
"c:\Users\Keagan\.openclaw\workspace\wysl\src\sonar\hooks\useSonarState.js", "JavaScript", 0, 0, 415, 0, 0, 0, 0, 0, 0, 0, 0, 0, 0, 22, 47, 484
"c:\Users\Keagan\.openclaw\workspace\wysl\src\sonar\hooks\useTasks.js", "JavaScript", 0, 0, 141, 0, 0, 0, 0, 0, 0, 0, 0, 0, 0, 12, 18, 171
"c:\Users\Keagan\.openclaw\workspace\wysl\src\sonar\lib\api.js", "JavaScript", 0, 0, 158, 0, 0, 0, 0, 0, 0, 0, 0, 0, 0, 10, 22, 190
"c:\Users\Keagan\.openclaw\workspace\wysl\src\sonar\lib\customFields.js", "JavaScript", 0, 0, 215, 0, 0, 0, 0, 0, 0, 0, 0, 0, 0, 0, 41, 256
"c:\Users\Keagan\.openclaw\workspace\wysl\src\sonar\lib\fieldConfig.js", "JavaScript", 0, 0, 247, 0, 0, 0, 0, 0, 0, 0, 0, 0, 0, 2, 24, 273
"c:\Users\Keagan\.openclaw\workspace\wysl\src\sonar\lib\fieldContexts.js", "JavaScript", 0, 0, 516, 0, 0, 0, 0, 0, 0, 0, 0, 0, 0, 31, 58, 605
"c:\Users\Keagan\.openclaw\workspace\wysl\src\sonar\lib\leadSchema.js", "JavaScript", 0, 0, 309, 0, 0, 0, 0, 0, 0, 0, 0, 0, 0, 12, 34, 355
"c:\Users\Keagan\.openclaw\workspace\wysl\src\sonar\lib\supabase.js", "JavaScript", 0, 0, 1, 0, 0, 0, 0, 0, 0, 0, 0, 0, 0, 0, 1, 2
"c:\Users\Keagan\.openclaw\workspace\wysl\src\sonar\pages\CalendarPage.jsx", "JavaScript JSX", 0, 0, 0, 0, 0, 0, 0, 0, 0, 0, 490, 0, 0, 18, 44, 552
"c:\Users\Keagan\.openclaw\workspace\wysl\src\sonar\pages\CallLogsPage.jsx", "JavaScript JSX", 0, 0, 0, 0, 0, 0, 0, 0, 0, 0, 850, 0, 0, 0, 50, 900
"c:\Users\Keagan\.openclaw\workspace\wysl\src\sonar\pages\CampaignsModal.jsx", "JavaScript JSX", 0, 0, 0, 0, 0, 0, 0, 0, 0, 0, 413, 0, 0, 6, 22, 441
"c:\Users\Keagan\.openclaw\workspace\wysl\src\sonar\pages\ColorbarConfigModal.jsx", "JavaScript JSX", 0, 0, 0, 0, 0, 0, 0, 0, 0, 0, 493, 0, 0, 21, 45, 559
"c:\Users\Keagan\.openclaw\workspace\wysl\src\sonar\pages\CommanderModal.jsx", "JavaScript JSX", 0, 0, 0, 0, 0, 0, 0, 0, 0, 0, 219, 0, 0, 18, 21, 258
"c:\Users\Keagan\.openclaw\workspace\wysl\src\sonar\pages\FieldSettingsModal.jsx", "JavaScript JSX", 0, 0, 0, 0, 0, 0, 0, 0, 0, 0, 530, 0, 0, 0, 34, 564
"c:\Users\Keagan\.openclaw\workspace\wysl\src\sonar\pages\HireReceptionistModal.jsx", "JavaScript JSX", 0, 0, 0, 0, 0, 0, 0, 0, 0, 0, 313, 0, 0, 12, 32, 357
"c:\Users\Keagan\.openclaw\workspace\wysl\src\sonar\pages\LeadDetailPanel.jsx", "JavaScript JSX", 0, 0, 0, 0, 0, 0, 0, 0, 0, 0, 392, 0, 0, 0, 32, 424
"c:\Users\Keagan\.openclaw\workspace\wysl\src\sonar\pages\LeadsPage.jsx", "JavaScript JSX", 0, 0, 0, 0, 0, 0, 0, 0, 0, 0, 92, 0, 0, 4, 13, 109
"c:\Users\Keagan\.openclaw\workspace\wysl\src\sonar\pages\LeadsTable.jsx", "JavaScript JSX", 0, 0, 0, 0, 0, 0, 0, 0, 0, 0, 1995, 0, 0, 0, 96, 2091
"c:\Users\Keagan\.openclaw\workspace\wysl\src\sonar\pages\LiveMonitoringPage.jsx", "JavaScript JSX", 0, 0, 0, 0, 0, 0, 0, 0, 0, 0, 2506, 0, 0, 0, 209, 2715
"c:\Users\Keagan\.openclaw\workspace\wysl\src\sonar\pages\RoutesPage.jsx", "JavaScript JSX", 0, 0, 0, 0, 0, 0, 0, 0, 0, 0, 423, 0, 0, 24, 36, 483
"c:\Users\Keagan\.openclaw\workspace\wysl\src\sonar\pages\ScenariosModal.jsx", "JavaScript JSX", 0, 0, 0, 0, 0, 0, 0, 0, 0, 0, 224, 0, 0, 4, 24, 252
"c:\Users\Keagan\.openclaw\workspace\wysl\src\sonar\pages\Scenarios\AetherEdgeLogic.jsx", "JavaScript JSX", 0, 0, 0, 0, 0, 0, 0, 0, 0, 0, 309, 0, 0, 11, 23, 343
"c:\Users\Keagan\.openclaw\workspace\wysl\src\sonar\pages\Scenarios\Scenarios.css", "PostCSS", 0, 0, 0, 0, 0, 0, 3927, 0, 0, 0, 0, 0, 0, 57, 571, 4555
"c:\Users\Keagan\.openclaw\workspace\wysl\src\sonar\pages\Scenarios\Scenarios.jsx", "JavaScript JSX", 0, 0, 0, 0, 0, 0, 0, 0, 0, 0, 5865, 0, 0, 154, 379, 6398
"c:\Users\Keagan\.openclaw\workspace\wysl\src\sonar\pages\Scenarios\VariablesPane.jsx", "JavaScript JSX", 0, 0, 0, 0, 0, 0, 0, 0, 0, 0, 1563, 0, 0, 30, 132, 1725
"c:\Users\Keagan\.openclaw\workspace\wysl\src\sonar\pages\Scenarios\smartActions.js", "JavaScript", 0, 0, 141, 0, 0, 0, 0, 0, 0, 0, 0, 0, 0, 41, 33, 215
"c:\Users\Keagan\.openclaw\workspace\wysl\src\sonar\pages\SettingsPage.jsx", "JavaScript JSX", 0, 0, 0, 0, 0, 0, 0, 0, 0, 0, 1435, 0, 0, 41, 115, 1591
"c:\Users\Keagan\.openclaw\workspace\wysl\src\sonar\pages\WorkflowTreePage.jsx", "JavaScript JSX", 0, 0, 0, 0, 0, 0, 0, 0, 0, 0, 170, 0, 0, 22, 37, 229
"c:\Users\Keagan\.openclaw\workspace\wysl\src\stores\passwordsStore.js", "JavaScript", 0, 0, 86, 0, 0, 0, 0, 0, 0, 0, 0, 0, 0, 9, 15, 110
"c:\Users\Keagan\.openclaw\workspace\wysl\src\styles\AirtableGrid.css", "PostCSS", 0, 0, 0, 0, 0, 0, 415, 0, 0, 0, 0, 0, 0, 19, 31, 465
"c:\Users\Keagan\.openclaw\workspace\wysl\src\styles\BreakroomCanvas.css", "PostCSS", 0, 0, 0, 0, 0, 0, 126, 0, 0, 0, 0, 0, 0, 17, 26, 169
"c:\Users\Keagan\.openclaw\workspace\wysl\src\styles\Calendar.css", "PostCSS", 0, 0, 0, 0, 0, 0, 366, 0, 0, 0, 0, 0, 0, 7, 26, 399
"c:\Users\Keagan\.openclaw\workspace\wysl\src\styles\CommissionLogicModal.css", "PostCSS", 0, 0, 0, 0, 0, 0, 158, 0, 0, 0, 0, 0, 0, 8, 26, 192
"c:\Users\Keagan\.openclaw\workspace\wysl\src\styles\CreatePasswordModal.css", "PostCSS", 0, 0, 0, 0, 0, 0, 118, 0, 0, 0, 0, 0, 0, 25, 18, 161
"c:\Users\Keagan\.openclaw\workspace\wysl\src\styles\Dashboard.css", "PostCSS", 0, 0, 0, 0, 0, 0, 73, 0, 0, 0, 0, 0, 0, 3, 11, 87
"c:\Users\Keagan\.openclaw\workspace\wysl\src\styles\DataTable.css", "PostCSS", 0, 0, 0, 0, 0, 0, 0, 0, 0, 0, 0, 0, 0, 0, 3, 3
"c:\Users\Keagan\.openclaw\workspace\wysl\src\styles\DynamicGradient.css", "PostCSS", 0, 0, 0, 0, 0, 0, 46, 0, 0, 0, 0, 0, 0, 1, 5, 52
"c:\Users\Keagan\.openclaw\workspace\wysl\src\styles\EmporiumPage.css", "PostCSS", 0, 0, 0, 0, 0, 0, 491, 0, 0, 0, 0, 0, 0, 20, 53, 564
"c:\Users\Keagan\.openclaw\workspace\wysl\src\styles\Grid.css", "PostCSS", 0, 0, 0, 0, 0, 0, 157, 0, 0, 0, 0, 0, 0, 10, 11, 178
"c:\Users\Keagan\.openclaw\workspace\wysl\src\styles\HomePage.css", "PostCSS", 0, 0, 0, 0, 0, 0, 408, 0, 0, 0, 0, 0, 0, 11, 38, 457
"c:\Users\Keagan\.openclaw\workspace\wysl\src\styles\MainPanel.css", "PostCSS", 0, 0, 0, 0, 0, 0, 55, 0, 0, 0, 0, 0, 0, 1, 9, 65
"c:\Users\Keagan\.openclaw\workspace\wysl\src\styles\MasterPasswordModal.css", "PostCSS", 0, 0, 0, 0, 0, 0, 103, 0, 0, 0, 0, 0, 0, 1, 17, 121
"c:\Users\Keagan\.openclaw\workspace\wysl\src\styles\NavPanel.css", "PostCSS", 0, 0, 0, 0, 0, 0, 104, 0, 0, 0, 0, 0, 0, 1, 14, 119
"c:\Users\Keagan\.openclaw\workspace\wysl\src\styles\PasswordsPage.css", "PostCSS", 0, 0, 0, 0, 0, 0, 862, 0, 0, 0, 0, 0, 0, 26, 132, 1020
"c:\Users\Keagan\.openclaw\workspace\wysl\src\styles\PhoneHelperPage.css", "PostCSS", 0, 0, 0, 0, 0, 0, 427, 0, 0, 0, 0, 0, 0, 20, 69, 516
"c:\Users\Keagan\.openclaw\workspace\wysl\src\styles\PrivacyPolicyPage.css", "PostCSS", 0, 0, 0, 0, 0, 0, 79, 0, 0, 0, 0, 0, 0, 1, 14, 94
"c:\Users\Keagan\.openclaw\workspace\wysl\src\styles\QueueItem.css", "PostCSS", 0, 0, 0, 0, 0, 0, 174, 0, 0, 0, 0, 0, 0, 10, 30, 214
"c:\Users\Keagan\.openclaw\workspace\wysl\src\styles\QueueRoom.css", "PostCSS", 0, 0, 0, 0, 0, 0, 44, 0, 0, 0, 0, 0, 0, 1, 7, 52
"c:\Users\Keagan\.openclaw\workspace\wysl\src\styles\TypingIndicator.css", "PostCSS", 0, 0, 0, 0, 0, 0, 31, 0, 0, 0, 0, 0, 0, 1, 6, 38
"c:\Users\Keagan\.openclaw\workspace\wysl\src\styles\ViewBar.css", "PostCSS", 0, 0, 0, 0, 0, 0, 83, 0, 0, 0, 0, 0, 0, 1, 9, 93
"c:\Users\Keagan\.openclaw\workspace\wysl\src\styles\ViewToggle.css", "PostCSS", 0, 0, 0, 0, 0, 0, 66, 0, 0, 0, 0, 0, 0, 0, 6, 72
"c:\Users\Keagan\.openclaw\workspace\wysl\src\styles\marketplace.css", "PostCSS", 0, 0, 0, 0, 0, 0, 258, 0, 0, 0, 0, 0, 0, 11, 14, 283
"c:\Users\Keagan\.openclaw\workspace\wysl\src\supabaseClient.js", "JavaScript", 0, 0, 158, 0, 0, 0, 0, 0, 0, 0, 0, 0, 0, 11, 39, 208
"c:\Users\Keagan\.openclaw\workspace\wysl\src\utils\cookieUtils.js", "JavaScript", 0, 0, 22, 0, 0, 0, 0, 0, 0, 0, 0, 0, 0, 1, 3, 26
"c:\Users\Keagan\.openclaw\workspace\wysl\src\utils\crypto.js", "JavaScript", 0, 0, 68, 0, 0, 0, 0, 0, 0, 0, 0, 0, 0, 9, 8, 85
"c:\Users\Keagan\.openclaw\workspace\wysl\start-sonar.js", "JavaScript", 0, 0, 34, 0, 0, 0, 0, 0, 0, 0, 0, 0, 0, 0, 8, 42
"c:\Users\Keagan\.openclaw\workspace\wysl\start-sonar.mjs", "JavaScript", 0, 0, 1, 0, 0, 0, 0, 0, 0, 0, 0, 0, 0, 0, 1, 2
"c:\Users\Keagan\.openclaw\workspace\wysl\supabase_overage_functions.sql", "MS SQL", 0, 0, 0, 78, 0, 0, 0, 0, 0, 0, 0, 0, 0, 11, 10, 99
"c:\Users\Keagan\.openclaw\workspace\wysl\tailwind.config.js", "JavaScript", 0, 0, 21, 0, 0, 0, 0, 0, 0, 0, 0, 0, 0, 1, 0, 22
"c:\Users\Keagan\.openclaw\workspace\wysl\vercel.json", "JSON", 0, 8, 0, 0, 0, 0, 0, 0, 0, 0, 0, 0, 0, 0, 0, 8
"c:\Users\Keagan\.openclaw\workspace\wysl\vite.config.js", "JavaScript", 0, 0, 24, 0, 0, 0, 0, 0, 0, 0, 0, 0, 0, 1, 2, 27
"Total", "-", 402, 8518, 3158, 862, 387, 415, 11080, 9795, 31, 28, 35099, 34, 5, 3072, 6836, 79722